,seq,type1,type2
0,A,Exon_yellow,CDS
1,T,Exon_yellow,CDS
2,G,Exon_yellow,CDS
3,C,Exon_yellow,CDS
4,A,Exon_yellow,CDS
5,G,Exon_yellow,CDS
6,G,Exon_yellow,CDS
7,T,Exon_yellow,CDS
8,T,Exon_yellow,CDS
9,G,Exon_yellow,CDS
10,A,Exon_yellow,CDS
11,A,Exon_yellow,CDS
12,G,Exon_yellow,CDS
13,C,Exon_yellow,CDS
14,A,Exon_yellow,CDS
15,A,Exon_yellow,CDS
16,A,Exon_yellow,CDS
17,T,Exon_yellow,CDS
18,T,Exon_yellow,CDS
19,C,Exon_yellow,CDS
20,T,Exon_yellow,CDS
21,G,Exon_yellow,CDS
22,A,Exon_yellow,CDS
23,G,Exon_yellow,CDS
24,A,Exon_yellow,CDS
25,G,Exon_yellow,CDS
26,A,Exon_yellow,CDS
27,A,Exon_yellow,CDS
28,G,Exon_yellow,CDS
29,A,Exon_yellow,CDS
30,G,Exon_yellow,CDS
31,T,Exon_yellow,CDS
32,G,Exon_yellow,CDS
33,A,Exon_yellow,CDS
34,A,Exon_yellow,CDS
35,A,Exon_yellow,CDS
36,A,Exon_yellow,CDS
37,T,Exon_yellow,CDS
38,A,Exon_yellow,CDS
39,T,Exon_yellow,CDS
40,T,Exon_yellow,CDS
41,G,Exon_yellow,CDS
42,G,Exon_yellow,CDS
43,G,Exon_yellow,CDS
44,G,Exon_yellow,CDS
45,A,Exon_yellow,CDS
46,T,Exon_yellow,CDS
47,T,Exon_yellow,CDS
48,G,Exon_yellow,CDS
49,A,Exon_yellow,CDS
50,T,Exon_yellow,CDS
51,A,Exon_yellow,CDS
52,G,Exon_yellow,CDS
53,G,Exon_yellow,CDS
54,A,Exon_yellow,CDS
55,G,Exon_yellow,CDS
56,C,Exon_yellow,CDS
57,G,Exon_yellow,CDS
58,A,Exon_yellow,CDS
59,A,Exon_yellow,CDS
60,A,Exon_yellow,CDS
61,A,Exon_yellow,CDS
62,C,Exon_yellow,CDS
63,A,Exon_yellow,CDS
64,G,Exon_yellow,CDS
65,T,Exon_yellow,CDS
66,C,Exon_yellow,CDS
67,C,Exon_yellow,CDS
68,A,Exon_yellow,CDS
69,G,Exon_yellow,CDS
70,T,Exon_yellow,CDS
71,C,Exon_yellow,CDS
72,T,Exon_yellow,CDS
73,T,Exon_yellow,CDS
74,A,Exon_yellow,CDS
75,A,Exon_yellow,CDS
76,C,Exon_yellow,CDS
77,g,Intron,-
78,t,Intron,-
79,a,Intron,-
80,a,Intron,-
81,g,Intron,-
82,t,Intron,-
83,t,Intron,-
84,a,Intron,-
85,c,Intron,-
86,a,Intron,-
87,g,Intron,-
88,t,Intron,-
89,a,Intron,-
90,c,Intron,-
91,a,Intron,-
92,t,Intron,-
93,c,Intron,-
94,a,Intron,-
95,a,Intron,-
96,t,Intron,-
97,t,Intron,-
98,a,Intron,-
99,t,Intron,-
100,a,Intron,-
101,a,Intron,-
102,a,Intron,-
103,a,Intron,-
104,a,Intron,-
105,a,Intron,-
106,g,Intron,-
107,a,Intron,-
108,a,Intron,-
109,a,Intron,-
110,a,Intron,-
111,a,Intron,-
112,t,Intron,-
113,a,Intron,-
114,a,Intron,-
115,a,Intron,-
116,a,Intron,-
117,a,Intron,-
118,t,Intron,-
119,t,Intron,-
120,t,Intron,-
121,c,Intron,-
122,a,Intron,-
123,g,Intron,-
124,T,Exon_orange,CDS
125,T,Exon_orange,CDS
126,A,Exon_orange,CDS
127,C,Exon_orange,CDS
128,A,Exon_orange,CDS
129,T,Exon_orange,CDS
130,G,Exon_orange,CDS
131,G,Exon_orange,CDS
132,A,Exon_orange,CDS
133,A,Exon_orange,CDS
134,A,Exon_orange,CDS
135,C,Exon_orange,CDS
136,A,Exon_orange,CDS
137,G,Exon_orange,CDS
138,A,Exon_orange,CDS
139,A,Exon_orange,CDS
140,G,Exon_orange,CDS
141,A,Exon_orange,CDS
142,T,Exon_orange,CDS
143,G,Exon_orange,CDS
144,A,Exon_orange,CDS
145,C,Exon_orange,CDS
146,C,Exon_orange,CDS
147,C,Exon_orange,CDS
148,T,Exon_orange,CDS
149,A,Exon_orange,CDS
150,A,Exon_orange,CDS
151,T,Exon_orange,CDS
152,T,Exon_orange,CDS
153,T,Exon_orange,CDS
154,T,Exon_orange,CDS
155,C,Exon_orange,CDS
156,G,Exon_orange,CDS
157,G,Exon_orange,CDS
158,A,Exon_orange,CDS
159,A,Exon_orange,CDS
160,T,Exon_orange,CDS
161,T,Exon_orange,CDS
162,C,Exon_orange,CDS
163,A,Exon_orange,CDS
164,A,Exon_orange,CDS
165,A,Exon_orange,CDS
166,A,Exon_orange,CDS
167,T,Exon_orange,CDS
168,T,Exon_orange,CDS
169,G,Exon_orange,CDS
170,G,Exon_orange,CDS
171,C,Exon_orange,CDS
172,T,Exon_orange,CDS
173,G,Exon_orange,CDS
174,C,Exon_orange,CDS
175,A,Exon_orange,CDS
176,G,Exon_orange,CDS
177,C,Exon_orange,CDS
178,C,Exon_orange,CDS
179,C,Exon_orange,CDS
180,C,Exon_orange,CDS
181,T,Exon_orange,CDS
182,C,Exon_orange,CDS
183,A,Exon_orange,CDS
184,C,Exon_orange,CDS
185,A,Exon_orange,CDS
186,C,Exon_orange,CDS
187,A,Exon_orange,CDS
188,G,Exon_orange,CDS
189,T,Exon_orange,CDS
190,G,Exon_orange,CDS
191,C,Exon_orange,CDS
192,A,Exon_orange,CDS
193,C,Exon_orange,CDS
194,A,Exon_orange,CDS
195,T,Exon_orange,CDS
196,G,Exon_orange,CDS
197,A,Exon_orange,CDS
198,T,Exon_orange,CDS
199,G,Exon_orange,CDS
200,G,Exon_orange,CDS
201,A,Exon_orange,CDS
202,T,Exon_orange,CDS
203,T,Exon_orange,CDS
204,C,Exon_orange,CDS
205,G,Exon_orange,CDS
206,G,Exon_orange,CDS
207,G,Exon_orange,CDS
208,A,Exon_orange,CDS
209,T,Exon_orange,CDS
210,T,Exon_orange,CDS
211,C,Exon_orange,CDS
212,T,Exon_orange,CDS
213,T,Exon_orange,CDS
214,G,Exon_orange,CDS
215,g,Intron,-
216,t,Intron,-
217,a,Intron,-
218,a,Intron,-
219,t,Intron,-
220,t,Intron,-
221,g,Intron,-
222,t,Intron,-
223,t,Intron,-
224,a,Intron,-
225,t,Intron,-
226,c,Intron,-
227,t,Intron,-
228,c,Intron,-
229,a,Intron,-
230,g,Intron,-
231,t,Intron,-
232,a,Intron,-
233,g,Intron,-
234,a,Intron,-
235,t,Intron,-
236,g,Intron,-
237,a,Intron,-
238,a,Intron,-
239,t,Intron,-
240,t,Intron,-
241,t,Intron,-
242,c,Intron,-
243,t,Intron,-
244,c,Intron,-
245,a,Intron,-
246,t,Intron,-
247,t,Intron,-
248,t,Intron,-
249,g,Intron,-
250,a,Intron,-
251,a,Intron,-
252,a,Intron,-
253,t,Intron,-
254,t,Intron,-
255,a,Intron,-
256,t,Intron,-
257,a,Intron,-
258,g,Intron,-
259,G,Exon_yellow,CDS
260,C,Exon_yellow,CDS
261,A,Exon_yellow,CDS
262,A,Exon_yellow,CDS
263,T,Exon_yellow,CDS
264,C,Exon_yellow,CDS
265,A,Exon_yellow,CDS
266,A,Exon_yellow,CDS
267,C,Exon_yellow,CDS
268,A,Exon_yellow,CDS
269,G,Exon_yellow,CDS
270,A,Exon_yellow,CDS
271,C,Exon_yellow,CDS
272,A,Exon_yellow,CDS
273,A,Exon_yellow,CDS
274,T,Exon_yellow,CDS
275,G,Exon_yellow,CDS
276,C,Exon_yellow,CDS
277,C,Exon_yellow,CDS
278,T,Exon_yellow,CDS
279,T,Exon_yellow,CDS
280,G,Exon_yellow,CDS
281,T,Exon_yellow,CDS
282,C,Exon_yellow,CDS
283,A,Exon_yellow,CDS
284,A,Exon_yellow,CDS
285,A,Exon_yellow,CDS
286,G,Exon_yellow,CDS
287,G,Exon_yellow,CDS
288,G,Exon_yellow,CDS
289,A,Exon_yellow,CDS
290,A,Exon_yellow,CDS
291,A,Exon_yellow,CDS
292,G,Exon_yellow,CDS
293,C,Exon_yellow,CDS
294,T,Exon_yellow,CDS
295,A,Exon_yellow,CDS
296,T,Exon_yellow,CDS
297,T,Exon_yellow,CDS
298,C,Exon_yellow,CDS
299,T,Exon_yellow,CDS
300,T,Exon_yellow,CDS
301,G,Exon_yellow,CDS
302,C,Exon_yellow,CDS
303,A,Exon_yellow,CDS
304,C,Exon_yellow,CDS
305,G,Exon_yellow,CDS
306,A,Exon_yellow,CDS
307,G,Exon_yellow,CDS
308,A,Exon_yellow,CDS
309,G,Exon_yellow,CDS
310,C,Exon_yellow,CDS
311,C,Exon_yellow,CDS
312,A,Exon_yellow,CDS
313,A,Exon_yellow,CDS
314,A,Exon_yellow,CDS
315,A,Exon_yellow,CDS
316,A,Exon_yellow,CDS
317,G,Exon_yellow,CDS
318,T,Exon_yellow,CDS
319,T,Exon_yellow,CDS
320,C,Exon_yellow,CDS
321,C,Exon_yellow,CDS
322,A,Exon_yellow,CDS
323,A,Exon_yellow,CDS
324,C,Exon_yellow,CDS
325,G,Exon_yellow,CDS
326,A,Exon_yellow,CDS
327,A,Exon_yellow,CDS
328,C,Exon_yellow,CDS
329,A,Exon_yellow,CDS
330,C,Exon_yellow,CDS
331,A,Exon_yellow,CDS
332,T,Exon_yellow,CDS
333,G,Exon_yellow,CDS
334,A,Exon_yellow,CDS
335,T,Exon_yellow,CDS
336,T,Exon_yellow,CDS
337,G,Exon_yellow,CDS
338,A,Exon_yellow,CDS
339,T,Exon_yellow,CDS
340,G,Exon_yellow,CDS
341,A,Exon_yellow,CDS
342,T,Exon_yellow,CDS
343,T,Exon_yellow,CDS
344,T,Exon_yellow,CDS
345,A,Exon_yellow,CDS
346,C,Exon_yellow,CDS
347,C,Exon_yellow,CDS
348,G,Exon_yellow,CDS
349,A,Exon_yellow,CDS
350,A,Exon_yellow,CDS
351,G,Exon_yellow,CDS
352,C,Exon_yellow,CDS
353,A,Exon_yellow,CDS
354,T,Exon_yellow,CDS
355,G,Exon_yellow,CDS
356,C,Exon_yellow,CDS
357,A,Exon_yellow,CDS
358,C,Exon_yellow,CDS
359,A,Exon_yellow,CDS
360,T,Exon_yellow,CDS
361,G,Exon_yellow,CDS
362,A,Exon_yellow,CDS
363,T,Exon_yellow,CDS
364,C,Exon_yellow,CDS
365,A,Exon_yellow,CDS
366,G,Exon_yellow,CDS
367,C,Exon_yellow,CDS
368,A,Exon_yellow,CDS
369,C,Exon_yellow,CDS
370,A,Exon_yellow,CDS
371,C,Exon_yellow,CDS
372,T,Exon_yellow,CDS
373,C,Exon_yellow,CDS
374,T,Exon_yellow,CDS
375,T,Exon_yellow,CDS
376,T,Exon_yellow,CDS
377,C,Exon_yellow,CDS
378,C,Exon_yellow,CDS
379,A,Exon_yellow,CDS
380,T,Exon_yellow,CDS
381,T,Exon_yellow,CDS
382,C,Exon_yellow,CDS
383,T,Exon_yellow,CDS
384,G,Exon_yellow,CDS
385,C,Exon_yellow,CDS
386,G,Exon_yellow,CDS
387,A,Exon_yellow,CDS
388,G,Exon_yellow,CDS
389,A,Exon_yellow,CDS
390,T,Exon_yellow,CDS
391,T,Exon_yellow,CDS
392,T,Exon_yellow,CDS
393,C,Exon_yellow,CDS
394,A,Exon_yellow,CDS
395,T,Exon_yellow,CDS
396,C,Exon_yellow,CDS
397,G,Exon_yellow,CDS
398,A,Exon_yellow,CDS
399,T,Exon_yellow,CDS
400,C,Exon_yellow,CDS
401,A,Exon_yellow,CDS
402,A,Exon_yellow,CDS
403,C,Exon_yellow,CDS
404,T,Exon_yellow,CDS
405,G,Exon_yellow,CDS
406,A,Exon_yellow,CDS
407,A,Exon_yellow,CDS
408,A,Exon_yellow,CDS
409,C,Exon_yellow,CDS
410,T,Exon_yellow,CDS
411,T,Exon_yellow,CDS
412,C,Exon_yellow,CDS
413,A,Exon_yellow,CDS
414,C,Exon_yellow,CDS
415,A,Exon_yellow,CDS
416,A,Exon_yellow,CDS
417,C,Exon_yellow,CDS
418,G,Exon_yellow,CDS
419,T,Exon_yellow,CDS
420,C,Exon_yellow,CDS
421,T,Exon_yellow,CDS
422,A,Exon_yellow,CDS
423,C,Exon_yellow,CDS
424,G,Exon_yellow,CDS
425,A,Exon_yellow,CDS
426,G,Exon_yellow,CDS
427,A,Exon_yellow,CDS
428,T,Exon_yellow,CDS
429,C,Exon_yellow,CDS
430,A,Exon_yellow,CDS
431,A,Exon_yellow,CDS
432,C,Exon_yellow,CDS
433,T,Exon_yellow,CDS
434,T,Exon_yellow,CDS
435,C,Exon_yellow,CDS
436,T,Exon_yellow,CDS
437,A,Exon_yellow,CDS
438,C,Exon_yellow,CDS
439,G,Exon_yellow,CDS
440,A,Exon_yellow,CDS
441,T,Exon_yellow,CDS
442,C,Exon_yellow,CDS
443,C,Exon_yellow,CDS
444,G,Exon_yellow,CDS
445,g,Intron,-
446,t,Intron,-
447,t,Intron,-
448,a,Intron,-
449,g,Intron,-
450,t,Intron,-
451,t,Intron,-
452,a,Intron,-
453,t,Intron,-
454,c,Intron,-
455,a,Intron,-
456,g,Intron,-
457,g,Intron,-
458,a,Intron,-
459,t,Intron,-
460,t,Intron,-
461,t,Intron,-
462,t,Intron,-
463,t,Intron,-
464,t,Intron,-
465,a,Intron,-
466,g,Intron,-
467,a,Intron,-
468,t,Intron,-
469,a,Intron,-
470,c,Intron,-
471,t,Intron,-
472,g,Intron,-
473,a,Intron,-
474,a,Intron,-
475,c,Intron,-
476,g,Intron,-
477,a,Intron,-
478,t,Intron,-
479,c,Intron,-
480,a,Intron,-
481,a,Intron,-
482,a,Intron,-
483,a,Intron,-
484,t,Intron,-
485,a,Intron,-
486,a,Intron,-
487,a,Intron,-
488,t,Intron,-
489,t,Intron,-
490,g,Intron,-
491,a,Intron,-
492,a,Intron,-
493,c,Intron,-
494,a,Intron,-
495,c,Intron,-
496,a,Intron,-
497,a,Intron,-
498,t,Intron,-
499,a,Intron,-
500,c,Intron,-
501,t,Intron,-
502,t,Intron,-
503,g,Intron,-
504,a,Intron,-
505,c,Intron,-
506,a,Intron,-
507,g,Intron,-
508,c,Intron,-
509,t,Intron,-
510,g,Intron,-
511,a,Intron,-
512,c,Intron,-
513,a,Intron,-
514,t,Intron,-
515,c,Intron,-
516,t,Intron,-
517,t,Intron,-
518,a,Intron,-
519,g,Intron,-
520,g,Intron,-
521,c,Intron,-
522,t,Intron,-
523,t,Intron,-
524,t,Intron,-
525,a,Intron,-
526,a,Intron,-
527,t,Intron,-
528,a,Intron,-
529,a,Intron,-
530,t,Intron,-
531,c,Intron,-
532,t,Intron,-
533,g,Intron,-
534,t,Intron,-
535,a,Intron,-
536,a,Intron,-
537,t,Intron,-
538,t,Intron,-
539,t,Intron,-
540,g,Intron,-
541,g,Intron,-
542,t,Intron,-
543,t,Intron,-
544,t,Intron,-
545,c,Intron,-
546,a,Intron,-
547,g,Intron,-
548,c,Intron,-
549,a,Intron,-
550,a,Intron,-
551,a,Intron,-
552,a,Intron,-
553,a,Intron,-
554,a,Intron,-
555,t,Intron,-
556,t,Intron,-
557,c,Intron,-
558,c,Intron,-
559,t,Intron,-
560,c,Intron,-
561,g,Intron,-
562,t,Intron,-
563,g,Intron,-
564,a,Intron,-
565,g,Intron,-
566,t,Intron,-
567,c,Intron,-
568,t,Intron,-
569,g,Intron,-
570,a,Intron,-
571,a,Intron,-
572,a,Intron,-
573,a,Intron,-
574,t,Intron,-
575,t,Intron,-
576,t,Intron,-
577,t,Intron,-
578,c,Intron,-
579,a,Intron,-
580,t,Intron,-
581,t,Intron,-
582,t,Intron,-
583,c,Intron,-
584,a,Intron,-
585,a,Intron,-
586,a,Intron,-
587,a,Intron,-
588,t,Intron,-
589,t,Intron,-
590,a,Intron,-
591,a,Intron,-
592,g,Intron,-
593,t,Intron,-
594,g,Intron,-
595,c,Intron,-
596,t,Intron,-
597,g,Intron,-
598,a,Intron,-
599,g,Intron,-
600,t,Intron,-
601,g,Intron,-
602,t,Intron,-
603,t,Intron,-
604,a,Intron,-
605,a,Intron,-
606,c,Intron,-
607,c,Intron,-
608,a,Intron,-
609,a,Intron,-
610,t,Intron,-
611,a,Intron,-
612,a,Intron,-
613,a,Intron,-
614,t,Intron,-
615,a,Intron,-
616,c,Intron,-
617,a,Intron,-
618,c,Intron,-
619,t,Intron,-
620,g,Intron,-
621,a,Intron,-
622,a,Intron,-
623,t,Intron,-
624,t,Intron,-
625,t,Intron,-
626,a,Intron,-
627,g,Intron,-
628,t,Intron,-
629,g,Intron,-
630,c,Intron,-
631,t,Intron,-
632,a,Intron,-
633,a,Intron,-
634,a,Intron,-
635,t,Intron,-
636,t,Intron,-
637,t,Intron,-
638,c,Intron,-
639,c,Intron,-
640,a,Intron,-
641,g,Intron,-
642,a,Intron,-
643,t,Intron,-
644,g,Intron,-
645,a,Intron,-
646,a,Intron,-
647,a,Intron,-
648,a,Intron,-
649,t,Intron,-
650,t,Intron,-
651,t,Intron,-
652,g,Intron,-
653,g,Intron,-
654,a,Intron,-
655,t,Intron,-
656,g,Intron,-
657,t,Intron,-
658,t,Intron,-
659,c,Intron,-
660,t,Intron,-
661,g,Intron,-
662,c,Intron,-
663,c,Intron,-
664,t,Intron,-
665,g,Intron,-
666,a,Intron,-
667,a,Intron,-
668,g,Intron,-
669,a,Intron,-
670,t,Intron,-
671,a,Intron,-
672,a,Intron,-
673,c,Intron,-
674,a,Intron,-
675,a,Intron,-
676,a,Intron,-
677,t,Intron,-
678,t,Intron,-
679,c,Intron,-
680,t,Intron,-
681,g,Intron,-
682,a,Intron,-
683,a,Intron,-
684,a,Intron,-
685,g,Intron,-
686,c,Intron,-
687,c,Intron,-
688,g,Intron,-
689,a,Intron,-
690,a,Intron,-
691,a,Intron,-
692,a,Intron,-
693,t,Intron,-
694,g,Intron,-
695,t,Intron,-
696,c,Intron,-
697,a,Intron,-
698,g,Intron,-
699,c,Intron,-
700,t,Intron,-
701,g,Intron,-
702,c,Intron,-
703,c,Intron,-
704,a,Intron,-
705,a,Intron,-
706,a,Intron,-
707,t,Intron,-
708,a,Intron,-
709,t,Intron,-
710,t,Intron,-
711,t,Intron,-
712,t,Intron,-
713,g,Intron,-
714,a,Intron,-
715,t,Intron,-
716,c,Intron,-
717,a,Intron,-
718,a,Intron,-
719,a,Intron,-
720,t,Intron,-
721,a,Intron,-
722,a,Intron,-
723,t,Intron,-
724,t,Intron,-
725,t,Intron,-
726,t,Intron,-
727,g,Intron,-
728,a,Intron,-
729,t,Intron,-
730,t,Intron,-
731,t,Intron,-
732,c,Intron,-
733,t,Intron,-
734,c,Intron,-
735,c,Intron,-
736,g,Intron,-
737,t,Intron,-
738,a,Intron,-
739,a,Intron,-
740,a,Intron,-
741,g,Intron,-
742,t,Intron,-
743,t,Intron,-
744,a,Intron,-
745,g,Intron,-
746,a,Intron,-
747,a,Intron,-
748,c,Intron,-
749,a,Intron,-
750,t,Intron,-
751,t,Intron,-
752,t,Intron,-
753,t,Intron,-
754,c,Intron,-
755,c,Intron,-
756,a,Intron,-
757,a,Intron,-
758,t,Intron,-
759,a,Intron,-
760,a,Intron,-
761,g,Intron,-
762,t,Intron,-
763,t,Intron,-
764,t,Intron,-
765,a,Intron,-
766,t,Intron,-
767,a,Intron,-
768,a,Intron,-
769,t,Intron,-
770,a,Intron,-
771,t,Intron,-
772,a,Intron,-
773,g,Intron,-
774,t,Intron,-
775,g,Intron,-
776,g,Intron,-
777,t,Intron,-
778,t,Intron,-
779,t,Intron,-
780,t,Intron,-
781,a,Intron,-
782,c,Intron,-
783,a,Intron,-
784,a,Intron,-
785,g,Intron,-
786,t,Intron,-
787,t,Intron,-
788,t,Intron,-
789,g,Intron,-
790,g,Intron,-
791,t,Intron,-
792,g,Intron,-
793,c,Intron,-
794,t,Intron,-
795,c,Intron,-
796,a,Intron,-
797,a,Intron,-
798,t,Intron,-
799,c,Intron,-
800,c,Intron,-
801,c,Intron,-
802,c,Intron,-
803,a,Intron,-
804,a,Intron,-
805,c,Intron,-
806,c,Intron,-
807,c,Intron,-
808,c,Intron,-
809,c,Intron,-
810,c,Intron,-
811,c,Intron,-
812,c,Intron,-
813,c,Intron,-
814,c,Intron,-
815,c,Intron,-
816,c,Intron,-
817,c,Intron,-
818,c,Intron,-
819,c,Intron,-
820,c,Intron,-
821,c,Intron,-
822,c,Intron,-
823,a,Intron,-
824,a,Intron,-
825,t,Intron,-
826,c,Intron,-
827,g,Intron,-
828,c,Intron,-
829,c,Intron,-
830,a,Intron,-
831,g,Intron,-
832,a,Intron,-
833,a,Intron,-
834,a,Intron,-
835,t,Intron,-
836,c,Intron,-
837,g,Intron,-
838,c,Intron,-
839,t,Intron,-
840,a,Intron,-
841,g,Intron,-
842,a,Intron,-
843,a,Intron,-
844,t,Intron,-
845,a,Intron,-
846,c,Intron,-
847,g,Intron,-
848,c,Intron,-
849,g,Intron,-
850,t,Intron,-
851,t,Intron,-
852,g,Intron,-
853,c,Intron,-
854,c,Intron,-
855,a,Intron,-
856,a,Intron,-
857,t,Intron,-
858,t,Intron,-
859,a,Intron,-
860,t,Intron,-
861,c,Intron,-
862,c,Intron,-
863,t,Intron,-
864,t,Intron,-
865,c,Intron,-
866,a,Intron,-
867,a,Intron,-
868,t,Intron,-
869,t,Intron,-
870,c,Intron,-
871,t,Intron,-
872,a,Intron,-
873,a,Intron,-
874,t,Intron,-
875,a,Intron,-
876,g,Intron,-
877,c,Intron,-
878,a,Intron,-
879,t,Intron,-
880,t,Intron,-
881,a,Intron,-
882,a,Intron,-
883,t,Intron,-
884,t,Intron,-
885,a,Intron,-
886,a,Intron,-
887,a,Intron,-
888,g,Intron,-
889,a,Intron,-
890,a,Intron,-
891,a,Intron,-
892,a,Intron,-
893,a,Intron,-
894,t,Intron,-
895,t,Intron,-
896,t,Intron,-
897,c,Intron,-
898,a,Intron,-
899,g,Intron,-
900,t,Intron,-
901,t,Intron,-
902,g,Intron,-
903,g,Intron,-
904,a,Intron,-
905,c,Intron,-
906,t,Intron,-
907,c,Intron,-
908,t,Intron,-
909,a,Intron,-
910,g,Intron,-
911,t,Intron,-
912,g,Intron,-
913,g,Intron,-
914,c,Intron,-
915,a,Intron,-
916,a,Intron,-
917,a,Intron,-
918,c,Intron,-
919,t,Intron,-
920,t,Intron,-
921,g,Intron,-
922,c,Intron,-
923,c,Intron,-
924,g,Intron,-
925,t,Intron,-
926,c,Intron,-
927,a,Intron,-
928,t,Intron,-
929,c,Intron,-
930,c,Intron,-
931,c,Intron,-
932,a,Intron,-
933,a,Intron,-
934,t,Intron,-
935,g,Intron,-
936,c,Intron,-
937,t,Intron,-
938,t,Intron,-
939,a,Intron,-
940,t,Intron,-
941,t,Intron,-
942,g,Intron,-
943,c,Intron,-
944,t,Intron,-
945,t,Intron,-
946,t,Intron,-
947,a,Intron,-
948,t,Intron,-
949,g,Intron,-
950,g,Intron,-
951,a,Intron,-
952,a,Intron,-
953,a,Intron,-
954,t,Intron,-
955,g,Intron,-
956,c,Intron,-
957,a,Intron,-
958,t,Intron,-
959,g,Intron,-
960,c,Intron,-
961,t,Intron,-
962,t,Intron,-
963,g,Intron,-
964,c,Intron,-
965,c,Intron,-
966,t,Intron,-
967,c,Intron,-
968,a,Intron,-
969,g,Intron,-
970,a,Intron,-
971,a,Intron,-
972,a,Intron,-
973,c,Intron,-
974,t,Intron,-
975,g,Intron,-
976,a,Intron,-
977,t,Intron,-
978,a,Intron,-
979,t,Intron,-
980,a,Intron,-
981,t,Intron,-
982,g,Intron,-
983,t,Intron,-
984,a,Intron,-
985,a,Intron,-
986,g,Intron,-
987,c,Intron,-
988,a,Intron,-
989,c,Intron,-
990,t,Intron,-
991,c,Intron,-
992,t,Intron,-
993,c,Intron,-
994,a,Intron,-
995,c,Intron,-
996,t,Intron,-
997,a,Intron,-
998,t,Intron,-
999,a,Intron,-
1000,a,Intron,-
1001,a,Intron,-
1002,a,Intron,-
1003,t,Intron,-
1004,c,Intron,-
1005,t,Intron,-
1006,a,Intron,-
1007,t,Intron,-
1008,t,Intron,-
1009,t,Intron,-
1010,t,Intron,-
1011,t,Intron,-
1012,t,Intron,-
1013,a,Intron,-
1014,a,Intron,-
1015,t,Intron,-
1016,a,Intron,-
1017,a,Intron,-
1018,g,Intron,-
1019,t,Intron,-
1020,g,Intron,-
1021,a,Intron,-
1022,t,Intron,-
1023,t,Intron,-
1024,t,Intron,-
1025,c,Intron,-
1026,a,Intron,-
1027,g,Intron,-
1028,G,Exon_orange,CDS
1029,C,Exon_orange,CDS
1030,G,Exon_orange,CDS
1031,A,Exon_orange,CDS
1032,T,Exon_orange,CDS
1033,C,Exon_orange,CDS
1034,A,Exon_orange,CDS
1035,A,Exon_orange,CDS
1036,G,Exon_orange,CDS
1037,A,Exon_orange,CDS
1038,A,Exon_orange,CDS
1039,G,Exon_orange,CDS
1040,T,Exon_orange,CDS
1041,A,Exon_orange,CDS
1042,T,Exon_orange,CDS
1043,T,Exon_orange,CDS
1044,A,Exon_orange,CDS
1045,A,Exon_orange,CDS
1046,A,Exon_orange,CDS
1047,G,Exon_orange,CDS
1048,T,Exon_orange,CDS
1049,C,Exon_orange,CDS
1050,G,Exon_orange,CDS
1051,A,Exon_orange,CDS
1052,T,Exon_orange,CDS
1053,T,Exon_orange,CDS
1054,A,Exon_orange,CDS
1055,T,Exon_orange,CDS
1056,G,Exon_orange,CDS
1057,A,Exon_orange,CDS
1058,A,Exon_orange,CDS
1059,C,Exon_orange,CDS
1060,T,Exon_orange,CDS
1061,C,Exon_orange,CDS
1062,T,Exon_orange,CDS
1063,G,Exon_orange,CDS
1064,T,Exon_orange,CDS
1065,A,Exon_orange,CDS
1066,A,Exon_orange,CDS
1067,T,Exon_orange,CDS
1068,C,Exon_orange,CDS
1069,G,Exon_orange,CDS
1070,C,Exon_orange,CDS
1071,C,Exon_orange,CDS
1072,A,Exon_orange,CDS
1073,A,Exon_orange,CDS
1074,G,Exon_orange,CDS
1075,T,Exon_orange,CDS
1076,T,Exon_orange,CDS
1077,C,Exon_orange,CDS
1078,G,Exon_orange,CDS
1079,A,Exon_orange,CDS
1080,G,Exon_orange,CDS
1081,C,Exon_orange,CDS
1082,T,Exon_orange,CDS
1083,G,Exon_orange,CDS
1084,C,Exon_orange,CDS
1085,A,Exon_orange,CDS
1086,A,Exon_orange,CDS
1087,A,Exon_orange,CDS
1088,T,Exon_orange,CDS
1089,T,Exon_orange,CDS
1090,C,Exon_orange,CDS
1091,C,Exon_orange,CDS
1092,A,Exon_orange,CDS
1093,T,Exon_orange,CDS
1094,G,Exon_orange,CDS
1095,C,Exon_orange,CDS
1096,A,Exon_orange,CDS
1097,A,Exon_orange,CDS
1098,A,Exon_orange,CDS
1099,A,Exon_orange,CDS
1100,A,Exon_orange,CDS
1101,T,Exon_orange,CDS
1102,G,Exon_orange,CDS
1103,C,Exon_orange,CDS
1104,A,Exon_orange,CDS
1105,G,Exon_orange,CDS
1106,T,Exon_orange,CDS
1107,G,Exon_orange,CDS
1108,A,Exon_orange,CDS
1109,T,Exon_orange,CDS
1110,T,Exon_orange,CDS
1111,G,Exon_orange,CDS
1112,A,Exon_orange,CDS
1113,T,Exon_orange,CDS
1114,G,Exon_orange,CDS
1115,C,Exon_orange,CDS
1116,T,Exon_orange,CDS
1117,A,Exon_orange,CDS
1118,C,Exon_orange,CDS
1119,T,Exon_orange,CDS
1120,C,Exon_orange,CDS
1121,T,Exon_orange,CDS
1122,T,Exon_orange,CDS
1123,T,Exon_orange,CDS
1124,C,Exon_orange,CDS
1125,T,Exon_orange,CDS
1126,G,Exon_orange,CDS
1127,G,Exon_orange,CDS
1128,A,Exon_orange,CDS
1129,A,Exon_orange,CDS
1130,G,Exon_orange,CDS
1131,T,Exon_orange,CDS
1132,C,Exon_orange,CDS
1133,G,Exon_orange,CDS
1134,A,Exon_orange,CDS
1135,G,Exon_orange,CDS
1136,A,Exon_orange,CDS
1137,A,Exon_orange,CDS
1138,G,Exon_orange,CDS
1139,A,Exon_orange,CDS
1140,A,Exon_orange,CDS
1141,G,Exon_orange,CDS
1142,T,Exon_orange,CDS
1143,G,Exon_orange,CDS
1144,C,Exon_orange,CDS
1145,A,Exon_orange,CDS
1146,C,Exon_orange,CDS
1147,A,Exon_orange,CDS
1148,T,Exon_orange,CDS
1149,T,Exon_orange,CDS
1150,A,Exon_orange,CDS
1151,T,Exon_orange,CDS
1152,T,Exon_orange,CDS
1153,G,Exon_orange,CDS
1154,C,Exon_orange,CDS
1155,A,Exon_orange,CDS
1156,G,Exon_orange,CDS
1157,A,Exon_orange,CDS
1158,A,Exon_orange,CDS
1159,G,Exon_orange,CDS
1160,A,Exon_orange,CDS
1161,C,Exon_orange,CDS
1162,G,Exon_orange,CDS
1163,G,Exon_orange,CDS
1164,A,Exon_orange,CDS
1165,A,Exon_orange,CDS
1166,G,Exon_orange,CDS
1167,T,Exon_orange,CDS
1168,T,Exon_orange,CDS
1169,T,Exon_orange,CDS
1170,A,Exon_orange,CDS
1171,G,Exon_orange,CDS
1172,A,Exon_orange,CDS
1173,A,Exon_orange,CDS
1174,A,Exon_orange,CDS
1175,A,Exon_orange,CDS
1176,C,Exon_orange,CDS
1177,T,Exon_orange,CDS
1178,C,Exon_orange,CDS
1179,A,Exon_orange,CDS
1180,A,Exon_orange,CDS
1181,A,Exon_orange,CDS
1182,g,Intron,-
1183,t,Intron,-
1184,a,Intron,-
1185,a,Intron,-
1186,g,Intron,-
1187,a,Intron,-
1188,a,Intron,-
1189,a,Intron,-
1190,a,Intron,-
1191,c,Intron,-
1192,a,Intron,-
1193,t,Intron,-
1194,g,Intron,-
1195,a,Intron,-
1196,a,Intron,-
1197,a,Intron,-
1198,a,Intron,-
1199,t,Intron,-
1200,a,Intron,-
1201,a,Intron,-
1202,a,Intron,-
1203,c,Intron,-
1204,t,Intron,-
1205,t,Intron,-
1206,a,Intron,-
1207,c,Intron,-
1208,c,Intron,-
1209,a,Intron,-
1210,a,Intron,-
1211,a,Intron,-
1212,a,Intron,-
1213,c,Intron,-
1214,a,Intron,-
1215,a,Intron,-
1216,g,Intron,-
1217,t,Intron,-
1218,t,Intron,-
1219,t,Intron,-
1220,t,Intron,-
1221,t,Intron,-
1222,t,Intron,-
1223,t,Intron,-
1224,t,Intron,-
1225,t,Intron,-
1226,a,Intron,-
1227,g,Intron,-
1228,C,Exon_yellow,CDS
1229,G,Exon_yellow,CDS
1230,G,Exon_yellow,CDS
1231,G,Exon_yellow,CDS
1232,A,Exon_yellow,CDS
1233,C,Exon_yellow,CDS
1234,A,Exon_yellow,CDS
1235,A,Exon_yellow,CDS
1236,C,Exon_yellow,CDS
1237,G,Exon_yellow,CDS
1238,G,Exon_yellow,CDS
1239,A,Exon_yellow,CDS
1240,G,Exon_yellow,CDS
1241,C,Exon_yellow,CDS
1242,A,Exon_yellow,CDS
1243,T,Exon_yellow,CDS
1244,T,Exon_yellow,CDS
1245,T,Exon_yellow,CDS
1246,C,Exon_yellow,CDS
1247,A,Exon_yellow,CDS
1248,A,Exon_yellow,CDS
1249,C,Exon_yellow,CDS
1250,A,Exon_yellow,CDS
1251,A,Exon_yellow,CDS
1252,A,Exon_yellow,CDS
1253,A,Exon_yellow,CDS
1254,A,Exon_yellow,CDS
1255,A,Exon_yellow,CDS
1256,C,Exon_yellow,CDS
1257,A,Exon_yellow,CDS
1258,C,Exon_yellow,CDS
1259,G,Exon_yellow,CDS
1260,A,Exon_yellow,CDS
1261,C,Exon_yellow,CDS
1262,C,Exon_yellow,CDS
1263,T,Exon_yellow,CDS
1264,C,Exon_yellow,CDS
1265,G,Exon_yellow,CDS
1266,T,Exon_yellow,CDS
1267,A,Exon_yellow,CDS
1268,T,Exon_yellow,CDS
1269,T,Exon_yellow,CDS
1270,T,Exon_yellow,CDS
1271,G,Exon_yellow,CDS
1272,T,Exon_yellow,CDS
1273,G,Exon_yellow,CDS
1274,A,Exon_yellow,CDS
1275,A,Exon_yellow,CDS
1276,A,Exon_yellow,CDS
1277,A,Exon_yellow,CDS
1278,C,Exon_yellow,CDS
1279,G,Exon_yellow,CDS
1280,G,Exon_yellow,CDS
1281,A,Exon_yellow,CDS
1282,T,Exon_yellow,CDS
1283,T,Exon_yellow,CDS
1284,T,Exon_yellow,CDS
1285,G,Exon_yellow,CDS
1286,C,Exon_yellow,CDS
1287,A,Exon_yellow,CDS
1288,C,Exon_yellow,CDS
1289,C,Exon_yellow,CDS
1290,C,Exon_yellow,CDS
1291,A,Exon_yellow,CDS
1292,G,Exon_yellow,CDS
1293,A,Exon_yellow,CDS
1294,A,Exon_yellow,CDS
1295,G,Exon_yellow,CDS
1296,A,Exon_yellow,CDS
1297,T,Exon_yellow,CDS
1298,T,Exon_yellow,CDS
1299,T,Exon_yellow,CDS
1300,C,Exon_yellow,CDS
1301,A,Exon_yellow,CDS
1302,C,Exon_yellow,CDS
1303,A,Exon_yellow,CDS
1304,C,Exon_yellow,CDS
1305,C,Exon_yellow,CDS
1306,A,Exon_yellow,CDS
1307,C,Exon_yellow,CDS
1308,A,Exon_yellow,CDS
1309,A,Exon_yellow,CDS
1310,A,Exon_yellow,CDS
1311,T,Exon_yellow,CDS
1312,G,Exon_yellow,CDS
1313,T,Exon_yellow,CDS
1314,T,Exon_yellow,CDS
1315,T,Exon_yellow,CDS
1316,C,Exon_yellow,CDS
1317,C,Exon_yellow,CDS
1318,C,Exon_yellow,CDS
1319,T,Exon_yellow,CDS
1320,C,Exon_yellow,CDS
1321,T,Exon_yellow,CDS
1322,C,Exon_yellow,CDS
1323,A,Exon_yellow,CDS
1324,A,Exon_yellow,CDS
1325,G,Exon_yellow,CDS
1326,C,Exon_yellow,CDS
1327,T,Exon_yellow,CDS
1328,A,Exon_yellow,CDS
1329,A,Exon_yellow,CDS
1330,A,Exon_yellow,CDS
1331,G,Exon_yellow,CDS
1332,C,Exon_yellow,CDS
1333,T,Exon_yellow,CDS
1334,A,Exon_yellow,CDS
1335,A,Exon_yellow,CDS
1336,G,Exon_yellow,CDS
1337,C,Exon_yellow,CDS
1338,T,Exon_yellow,CDS
1339,T,Exon_yellow,CDS
1340,C,Exon_yellow,CDS
1341,T,Exon_yellow,CDS
1342,T,Exon_yellow,CDS
1343,C,Exon_yellow,CDS
1344,G,Exon_yellow,CDS
1345,A,Exon_yellow,CDS
1346,G,Exon_yellow,CDS
1347,A,Exon_yellow,CDS
1348,T,Exon_yellow,CDS
1349,G,Exon_yellow,CDS
1350,C,Exon_yellow,CDS
1351,G,Exon_yellow,CDS
1352,T,Exon_yellow,CDS
1353,T,Exon_yellow,CDS
1354,C,Exon_yellow,CDS
1355,A,Exon_yellow,CDS
1356,A,Exon_yellow,CDS
1357,C,Exon_yellow,CDS
1358,A,Exon_yellow,CDS
1359,A,Exon_yellow,CDS
1360,T,Exon_yellow,CDS
1361,G,Exon_yellow,CDS
1362,A,Exon_yellow,CDS
1363,G,Exon_yellow,CDS
1364,G,Exon_yellow,CDS
1365,A,Exon_yellow,CDS
1366,A,Exon_yellow,CDS
1367,G,Exon_yellow,CDS
1368,A,Exon_yellow,CDS
1369,C,Exon_yellow,CDS
1370,G,Exon_yellow,CDS
1371,A,Exon_yellow,CDS
1372,G,Exon_yellow,CDS
1373,G,Exon_yellow,CDS
1374,A,Exon_yellow,CDS
1375,T,Exon_yellow,CDS
1376,A,Exon_yellow,CDS
1377,C,Exon_yellow,CDS
1378,G,Exon_yellow,CDS
1379,T,Exon_yellow,CDS
1380,T,Exon_yellow,CDS
1381,T,Exon_yellow,CDS
1382,C,Exon_yellow,CDS
1383,C,Exon_yellow,CDS
1384,C,Exon_yellow,CDS
1385,G,Exon_yellow,CDS
1386,A,Exon_yellow,CDS
1387,T,Exon_yellow,CDS
1388,A,Exon_yellow,CDS
1389,T,Exon_yellow,CDS
1390,T,Exon_yellow,CDS
1391,C,Exon_yellow,CDS
1392,T,Exon_yellow,CDS
1393,A,Exon_yellow,CDS
1394,G,Exon_yellow,CDS
1395,T,Exon_yellow,CDS
1396,T,Exon_yellow,CDS
1397,C,Exon_yellow,CDS
1398,C,Exon_yellow,CDS
1399,A,Exon_yellow,CDS
1400,G,Exon_yellow,CDS
1401,C,Exon_yellow,CDS
1402,A,Exon_yellow,CDS
1403,T,Exon_yellow,CDS
1404,A,Exon_yellow,CDS
1405,T,Exon_yellow,CDS
1406,A,Exon_yellow,CDS
1407,T,Exon_yellow,CDS
1408,G,Exon_yellow,CDS
1409,A,Exon_yellow,CDS
1410,C,Exon_yellow,CDS
1411,G,Exon_yellow,CDS
1412,G,Exon_yellow,CDS
1413,C,Exon_yellow,CDS
1414,T,Exon_yellow,CDS
1415,C,Exon_yellow,CDS
1416,A,Exon_yellow,CDS
1417,T,Exon_yellow,CDS
1418,T,Exon_yellow,CDS
1419,C,Exon_yellow,CDS
1420,C,Exon_yellow,CDS
1421,A,Exon_yellow,CDS
1422,A,Exon_yellow,CDS
1423,G,Exon_yellow,CDS
1424,A,Exon_yellow,CDS
1425,A,Exon_yellow,CDS
1426,C,Exon_yellow,CDS
1427,C,Exon_yellow,CDS
1428,G,Exon_yellow,CDS
1429,T,Exon_yellow,CDS
1430,G,Exon_yellow,CDS
1431,T,Exon_yellow,CDS
1432,G,Exon_yellow,CDS
1433,C,Exon_yellow,CDS
1434,G,Exon_yellow,CDS
1435,A,Exon_yellow,CDS
1436,C,Exon_yellow,CDS
1437,A,Exon_yellow,CDS
1438,A,Exon_yellow,CDS
1439,G,Exon_yellow,CDS
1440,A,Exon_yellow,CDS
1441,A,Exon_yellow,CDS
1442,G,Exon_yellow,CDS
1443,A,Exon_yellow,CDS
1444,T,Exon_yellow,CDS
1445,T,Exon_yellow,CDS
1446,A,Exon_yellow,CDS
1447,T,Exon_yellow,CDS
1448,A,Exon_yellow,CDS
1449,C,Exon_yellow,CDS
1450,T,Exon_yellow,CDS
1451,T,Exon_yellow,CDS
1452,G,Exon_yellow,CDS
1453,T,Exon_yellow,CDS
1454,C,Exon_yellow,CDS
1455,T,Exon_yellow,CDS
1456,T,Exon_yellow,CDS
1457,G,Exon_yellow,CDS
1458,A,Exon_yellow,CDS
1459,A,Exon_yellow,CDS
1460,G,Exon_yellow,CDS
1461,T,Exon_yellow,CDS
1462,A,Exon_yellow,CDS
1463,G,Exon_yellow,CDS
1464,A,Exon_yellow,CDS
1465,G,Exon_yellow,CDS
1466,T,Exon_yellow,CDS
1467,T,Exon_yellow,CDS
1468,T,Exon_yellow,CDS
1469,G,Exon_yellow,CDS
1470,A,Exon_yellow,CDS
1471,T,Exon_yellow,CDS
1472,A,Exon_yellow,CDS
1473,G,Exon_yellow,CDS
1474,C,Exon_yellow,CDS
1475,C,Exon_yellow,CDS
1476,A,Exon_yellow,CDS
1477,A,Exon_yellow,CDS
1478,G,Exon_yellow,CDS
1479,T,Exon_yellow,CDS
1480,T,Exon_yellow,CDS
1481,G,Exon_yellow,CDS
1482,C,Exon_yellow,CDS
1483,T,Exon_yellow,CDS
1484,C,Exon_yellow,CDS
1485,T,Exon_yellow,CDS
1486,T,Exon_yellow,CDS
1487,G,Exon_yellow,CDS
1488,A,Exon_yellow,CDS
1489,A,Exon_yellow,CDS
1490,A,Exon_yellow,CDS
1491,A,Exon_yellow,CDS
1492,A,Exon_yellow,CDS
1493,C,Exon_yellow,CDS
1494,T,Exon_yellow,CDS
1495,A,Exon_yellow,CDS
1496,A,Exon_yellow,CDS
1497,T,Exon_yellow,CDS
1498,G,Exon_yellow,CDS
1499,A,Exon_yellow,CDS
1500,A,Exon_yellow,CDS
1501,C,Exon_yellow,CDS
1502,G,Exon_yellow,CDS
1503,A,Exon_yellow,CDS
1504,A,Exon_yellow,CDS
1505,C,Exon_yellow,CDS
1506,A,Exon_yellow,CDS
1507,T,Exon_yellow,CDS
1508,G,Exon_yellow,CDS
1509,A,Exon_yellow,CDS
1510,G,Exon_yellow,CDS
1511,C,Exon_yellow,CDS
1512,A,Exon_yellow,CDS
1513,A,Exon_yellow,CDS
1514,G,Exon_yellow,CDS
1515,T,Exon_yellow,CDS
1516,A,Exon_yellow,CDS
1517,G,Exon_yellow,CDS
1518,A,Exon_yellow,CDS
1519,A,Exon_yellow,CDS
1520,G,Exon_yellow,CDS
1521,G,Exon_yellow,CDS
1522,T,Exon_yellow,CDS
1523,T,Exon_yellow,CDS
1524,T,Exon_yellow,CDS
1525,C,Exon_yellow,CDS
1526,G,Exon_yellow,CDS
1527,A,Exon_yellow,CDS
1528,A,Exon_yellow,CDS
1529,G,Exon_yellow,CDS
1530,T,Exon_yellow,CDS
1531,T,Exon_yellow,CDS
1532,C,Exon_yellow,CDS
1533,A,Exon_yellow,CDS
1534,A,Exon_yellow,CDS
1535,C,Exon_yellow,CDS
1536,A,Exon_yellow,CDS
1537,A,Exon_yellow,CDS
1538,G,Exon_yellow,CDS
1539,G,Exon_yellow,CDS
1540,A,Exon_yellow,CDS
1541,G,Exon_yellow,CDS
1542,G,Exon_yellow,CDS
1543,A,Exon_yellow,CDS
1544,A,Exon_yellow,CDS
1545,T,Exon_yellow,CDS
1546,C,Exon_yellow,CDS
1547,T,Exon_yellow,CDS
1548,T,Exon_yellow,CDS
1549,A,Exon_yellow,CDS
1550,G,Exon_yellow,CDS
1551,T,Exon_yellow,CDS
1552,G,Exon_yellow,CDS
1553,G,Exon_yellow,CDS
1554,C,Exon_yellow,CDS
1555,G,Exon_yellow,CDS
1556,T,Exon_yellow,CDS
1557,T,Exon_yellow,CDS
1558,G,Exon_yellow,CDS
1559,A,Exon_yellow,CDS
1560,A,Exon_yellow,CDS
1561,G,Exon_yellow,CDS
1562,A,Exon_yellow,CDS
1563,A,Exon_yellow,CDS
1564,A,Exon_yellow,CDS
1565,G,Exon_yellow,CDS
1566,A,Exon_yellow,CDS
1567,C,Exon_yellow,CDS
1568,T,Exon_yellow,CDS
1569,C,Exon_yellow,CDS
1570,A,Exon_yellow,CDS
1571,T,Exon_yellow,CDS
1572,T,Exon_yellow,CDS
1573,T,Exon_yellow,CDS
1574,T,Exon_yellow,CDS
1575,T,Exon_yellow,CDS
1576,C,Exon_yellow,CDS
1577,G,Exon_yellow,CDS
1578,A,Exon_yellow,CDS
1579,C,Exon_yellow,CDS
1580,G,Exon_yellow,CDS
1581,A,Exon_yellow,CDS
1582,C,Exon_yellow,CDS
1583,G,Exon_yellow,CDS
1584,A,Exon_yellow,CDS
1585,G,Exon_yellow,CDS
1586,C,Exon_yellow,CDS
1587,T,Exon_yellow,CDS
1588,G,Exon_yellow,CDS
1589,A,Exon_yellow,CDS
1590,T,Exon_yellow,CDS
1591,T,Exon_yellow,CDS
1592,G,Exon_yellow,CDS
1593,A,Exon_yellow,CDS
1594,A,Exon_yellow,CDS
1595,A,Exon_yellow,CDS
1596,A,Exon_yellow,CDS
1597,A,Exon_yellow,CDS
1598,A,Exon_yellow,CDS
1599,T,Exon_yellow,CDS
1600,T,Exon_yellow,CDS
1601,G,Exon_yellow,CDS
1602,C,Exon_yellow,CDS
1603,T,Exon_yellow,CDS
1604,G,Exon_yellow,CDS
1605,T,Exon_yellow,CDS
1606,G,Exon_yellow,CDS
1607,A,Exon_yellow,CDS
1608,G,Exon_yellow,CDS
1609,T,Exon_yellow,CDS
1610,T,Exon_yellow,CDS
1611,A,Exon_yellow,CDS
1612,T,Exon_yellow,CDS
1613,C,Exon_yellow,CDS
1614,A,Exon_yellow,CDS
1615,T,Exon_yellow,CDS
1616,A,Exon_yellow,CDS
1617,T,Exon_yellow,CDS
1618,T,Exon_yellow,CDS
1619,A,Exon_yellow,CDS
1620,T,Exon_yellow,CDS
1621,T,Exon_yellow,CDS
1622,T,Exon_yellow,CDS
1623,G,Exon_yellow,CDS
1624,T,Exon_yellow,CDS
1625,T,Exon_yellow,CDS
1626,A,Exon_yellow,CDS
1627,T,Exon_yellow,CDS
1628,T,Exon_yellow,CDS
1629,T,Exon_yellow,CDS
1630,T,Exon_yellow,CDS
1631,C,Exon_yellow,CDS
1632,A,Exon_yellow,CDS
1633,C,Exon_yellow,CDS
1634,A,Exon_yellow,CDS
1635,T,Exon_yellow,CDS
1636,T,Exon_yellow,CDS
1637,A,Exon_yellow,CDS
1638,A,Exon_yellow,CDS
1639,T,Exon_yellow,CDS
1640,T,Exon_yellow,CDS
1641,G,Exon_yellow,CDS
1642,T,Exon_yellow,CDS
1643,A,Exon_yellow,CDS
1644,T,Exon_yellow,CDS
1645,G,Exon_yellow,CDS
1646,T,Exon_yellow,CDS
1647,T,Exon_yellow,CDS
1648,T,Exon_yellow,CDS
1649,G,Exon_yellow,CDS
1650,A,Exon_yellow,CDS
1651,T,Exon_yellow,CDS
1652,A,Exon_yellow,CDS
1653,A,Exon_yellow,CDS
1654,A,Exon_yellow,CDS
1655,A,Exon_yellow,CDS
1656,C,Exon_yellow,CDS
1657,A,Exon_yellow,CDS
1658,T,Exon_yellow,CDS
1659,T,Exon_yellow,CDS
1660,A,Exon_yellow,CDS
1661,T,Exon_yellow,CDS
1662,T,Exon_yellow,CDS
1663,C,Exon_yellow,CDS
1664,A,Exon_yellow,CDS
1665,C,Exon_yellow,CDS
1666,C,Exon_yellow,CDS
1667,A,Exon_yellow,CDS
1668,A,Exon_yellow,CDS
1669,A,Exon_yellow,CDS
1670,A,Exon_yellow,CDS
1671,T,Exon_yellow,CDS
1672,C,Exon_yellow,CDS
1673,T,Exon_yellow,CDS
1674,T,Exon_yellow,CDS
1675,C,Exon_yellow,CDS
1676,T,Exon_yellow,CDS
1677,G,Exon_yellow,CDS
1678,T,Exon_yellow,CDS
1679,A,Exon_yellow,CDS
1680,G,Exon_yellow,CDS
1681,T,Exon_yellow,CDS
1682,C,Exon_yellow,CDS
1683,A,Exon_yellow,CDS
1684,C,Exon_yellow,CDS
1685,A,Exon_yellow,CDS
1686,T,Exon_yellow,CDS
1687,T,Exon_yellow,CDS
1688,G,Exon_yellow,CDS
1689,T,Exon_yellow,CDS
1690,G,Exon_yellow,CDS
1691,T,Exon_yellow,CDS
1692,T,Exon_yellow,CDS
1693,T,Exon_yellow,CDS
1694,A,Exon_yellow,CDS
1695,C,Exon_yellow,CDS
1696,C,Exon_yellow,CDS
1697,T,Exon_yellow,CDS
1698,C,Exon_yellow,CDS
1699,T,Exon_yellow,CDS
1700,A,Exon_yellow,CDS
1701,G,Exon_yellow,CDS
1702,A,Exon_yellow,CDS
1703,T,Exon_yellow,CDS
1704,A,Exon_yellow,CDS
1705,A,Exon_yellow,CDS
1706,A,Exon_yellow,CDS
1707,C,Exon_yellow,CDS
1708,C,Exon_yellow,CDS
1709,A,Exon_yellow,CDS
1710,A,Exon_yellow,CDS
1711,T,Exon_yellow,CDS
1712,T,Exon_yellow,CDS
1713,G,Exon_yellow,CDS
1714,C,Exon_yellow,CDS
1715,A,Exon_yellow,CDS
1716,T,Exon_yellow,CDS
1717,C,Exon_yellow,CDS
1718,T,Exon_yellow,CDS
1719,A,Exon_yellow,CDS
1720,C,Exon_yellow,CDS
1721,A,Exon_yellow,CDS
1722,A,Exon_yellow,CDS
1723,A,Exon_yellow,CDS
1724,A,Exon_yellow,CDS
1725,T,Exon_yellow,CDS
1726,T,Exon_yellow,CDS
1727,G,Exon_yellow,CDS
1728,C,Exon_yellow,CDS
1729,A,Exon_yellow,CDS
1730,T,Exon_yellow,CDS
1731,G,Exon_yellow,CDS
1732,T,Exon_yellow,CDS
1733,A,Exon_yellow,CDS
1734,G,Exon_yellow,CDS
1735,C,Exon_yellow,CDS
1736,A,Exon_yellow,CDS
1737,C,Exon_yellow,CDS
1738,A,Exon_yellow,CDS
1739,T,Exon_yellow,CDS
1740,T,Exon_yellow,CDS
1741,T,Exon_yellow,CDS
1742,G,Exon_yellow,CDS
1743,A,Exon_yellow,CDS
1744,T,Exon_yellow,CDS
1745,C,Exon_yellow,CDS
1746,G,Exon_yellow,CDS
1747,T,Exon_yellow,CDS
1748,T,Exon_yellow,CDS
1749,A,Exon_yellow,CDS
1750,T,Exon_yellow,CDS
1751,G,Exon_yellow,CDS
1752,C,Exon_yellow,CDS
1753,T,Exon_yellow,CDS
1754,T,Exon_yellow,CDS
1755,G,Exon_yellow,CDS
1756,C,Exon_yellow,CDS
1757,A,Exon_yellow,CDS
1758,C,Exon_yellow,CDS
1759,G,Exon_yellow,CDS
1760,C,Exon_yellow,CDS
1761,A,Exon_yellow,CDS
1762,A,Exon_yellow,CDS
1763,A,Exon_yellow,CDS
1764,C,Exon_yellow,CDS
1765,G,Exon_yellow,CDS
1766,T,Exon_yellow,CDS
1767,T,Exon_yellow,CDS
1768,T,Exon_yellow,CDS
1769,T,Exon_yellow,CDS
1770,T,Exon_yellow,CDS
1771,C,Exon_yellow,CDS
1772,A,Exon_yellow,CDS
1773,T,Exon_yellow,CDS
1774,T,Exon_yellow,CDS
1775,A,Exon_yellow,CDS
1776,A,Exon_yellow,CDS
1777,A,Exon_yellow,CDS
1778,A,Exon_yellow,CDS
1779,C,Exon_yellow,CDS
1780,T,Exon_yellow,CDS
1781,C,Exon_yellow,CDS
1782,T,Exon_yellow,CDS
1783,G,Exon_yellow,CDS
1784,A,Exon_yellow,CDS
1785,T,Exon_yellow,CDS
1786,C,Exon_yellow,CDS
1787,A,Exon_yellow,CDS
1788,C,Exon_yellow,CDS
1789,T,Exon_yellow,CDS
1790,T,Exon_yellow,CDS
1791,G,Exon_yellow,CDS
1792,C,Exon_yellow,CDS
1793,T,Exon_yellow,CDS
1794,G,Exon_yellow,CDS
1795,T,Exon_yellow,CDS
1796,A,Exon_yellow,CDS
1797,T,Exon_yellow,CDS
1798,A,Exon_yellow,CDS
1799,T,Exon_yellow,CDS
1800,T,Exon_yellow,CDS
1801,C,Exon_yellow,CDS
1802,G,Exon_yellow,CDS
1803,A,Exon_yellow,CDS
1804,T,Exon_yellow,CDS
1805,T,Exon_yellow,CDS
1806,A,Exon_yellow,CDS
1807,T,Exon_yellow,CDS
1808,T,Exon_yellow,CDS
1809,T,Exon_yellow,CDS
1810,A,Exon_yellow,CDS
1811,T,Exon_yellow,CDS
1812,T,Exon_yellow,CDS
1813,T,Exon_yellow,CDS
1814,T,Exon_yellow,CDS
1815,C,Exon_yellow,CDS
1816,A,Exon_yellow,CDS
1817,T,Exon_yellow,CDS
1818,T,Exon_yellow,CDS
1819,A,Exon_yellow,CDS
1820,A,Exon_yellow,CDS
1821,C,Exon_yellow,CDS
1822,T,Exon_yellow,CDS
1823,A,Exon_yellow,CDS
1824,A,Exon_yellow,CDS
1825,A,Exon_yellow,CDS
1826,A,Exon_yellow,CDS
1827,T,Exon_yellow,CDS
1828,C,Exon_yellow,CDS
1829,A,Exon_yellow,CDS
1830,A,Exon_yellow,CDS
1831,A,Exon_yellow,CDS
1832,A,Exon_yellow,CDS
1833,C,Exon_yellow,CDS
1834,G,Exon_yellow,CDS
1835,C,Exon_yellow,CDS
1836,A,Exon_yellow,CDS
1837,T,Exon_yellow,CDS
1838,G,Exon_yellow,CDS
1839,A,Exon_yellow,CDS
1840,G,Exon_yellow,CDS
1841,T,Exon_yellow,CDS
1842,T,Exon_yellow,CDS
1843,C,Exon_yellow,CDS
1844,A,Exon_yellow,CDS
1845,T,Exon_yellow,CDS
1846,T,Exon_yellow,CDS
1847,T,Exon_yellow,CDS
1848,G,Exon_yellow,CDS
1849,A,Exon_yellow,CDS
1850,T,Exon_yellow,CDS
1851,C,Exon_yellow,CDS
1852,G,Exon_yellow,CDS
1853,T,Exon_yellow,CDS
1854,T,Exon_yellow,CDS
1855,A,Exon_yellow,CDS
1856,T,Exon_yellow,CDS
1857,G,Exon_yellow,CDS
1858,A,Exon_yellow,CDS
1859,T,Exon_yellow,CDS
1860,G,Exon_yellow,CDS
1861,C,Exon_yellow,CDS
1862,A,Exon_yellow,CDS
1863,C,Exon_yellow,CDS
1864,G,Exon_yellow,CDS
1865,G,Exon_yellow,CDS
1866,A,Exon_yellow,CDS
1867,A,Exon_yellow,CDS
1868,A,Exon_yellow,CDS
1869,T,Exon_yellow,CDS
1870,T,Exon_yellow,CDS
1871,A,Exon_yellow,CDS
1872,A,Exon_yellow,CDS
1873,A,Exon_yellow,CDS
1874,A,Exon_yellow,CDS
1875,C,Exon_yellow,CDS
1876,G,Exon_yellow,CDS
1877,T,Exon_yellow,CDS
1878,A,Exon_yellow,CDS
1879,T,Exon_yellow,CDS
1880,C,Exon_yellow,CDS
1881,T,Exon_yellow,CDS
1882,T,Exon_yellow,CDS
1883,T,Exon_yellow,CDS
1884,A,Exon_yellow,CDS
1885,A,Exon_yellow,CDS
1886,A,Exon_yellow,CDS
1887,A,Exon_yellow,CDS
1888,A,Exon_yellow,CDS
1889,G,Exon_yellow,CDS
1890,T,Exon_yellow,CDS
1891,A,Exon_yellow,CDS
1892,T,Exon_yellow,CDS
1893,T,Exon_yellow,CDS
1894,T,Exon_yellow,CDS
1895,T,Exon_yellow,CDS
1896,A,Exon_yellow,CDS
1897,A,Exon_yellow,CDS
1898,T,Exon_yellow,CDS
1899,C,Exon_yellow,CDS
1900,A,Exon_yellow,CDS
1901,A,Exon_yellow,CDS
1902,T,Exon_yellow,CDS
1903,T,Exon_yellow,CDS
1904,T,Exon_yellow,CDS
1905,A,Exon_yellow,CDS
1906,G,Exon_yellow,CDS
1907,A,Exon_yellow,CDS
1908,G,Exon_yellow,CDS
1909,A,Exon_yellow,CDS
1910,T,Exon_yellow,CDS
1911,T,Exon_yellow,CDS
1912,T,Exon_yellow,CDS
1913,C,Exon_yellow,CDS
1914,T,Exon_yellow,CDS
1915,C,Exon_yellow,CDS
1916,A,Exon_yellow,CDS
1917,A,Exon_yellow,CDS
1918,C,Exon_yellow,CDS
1919,T,Exon_yellow,CDS
1920,A,Exon_yellow,CDS
1921,G,Exon_yellow,CDS
1922,G,Exon_yellow,CDS
1923,C,Exon_yellow,CDS
1924,A,Exon_yellow,CDS
1925,A,Exon_yellow,CDS
1926,A,Exon_yellow,CDS
1927,T,Exon_yellow,CDS
1928,T,Exon_yellow,CDS
1929,A,Exon_yellow,CDS
1930,A,Exon_yellow,CDS
1931,A,Exon_yellow,CDS
1932,T,Exon_yellow,CDS
1933,G,Exon_yellow,CDS
1934,T,Exon_yellow,CDS
1935,A,Exon_yellow,CDS
1936,A,Exon_yellow,CDS
1937,T,Exon_yellow,CDS
1938,T,Exon_yellow,CDS
1939,T,Exon_yellow,CDS
1940,T,Exon_yellow,CDS
1941,A,Exon_yellow,CDS
1942,T,Exon_yellow,CDS
1943,G,Exon_yellow,CDS
1944,T,Exon_yellow,CDS
1945,T,Exon_yellow,CDS
1946,C,Exon_yellow,CDS
1947,A,Exon_yellow,CDS
1948,C,Exon_yellow,CDS
1949,C,Exon_yellow,CDS
1950,A,Exon_yellow,CDS
1951,A,Exon_yellow,CDS
1952,T,Exon_yellow,CDS
1953,A,Exon_yellow,CDS
1954,G,Exon_yellow,CDS
1955,A,Exon_yellow,CDS
1956,T,Exon_yellow,CDS
1957,C,Exon_yellow,CDS
1958,T,Exon_yellow,CDS
1959,C,Exon_yellow,CDS
1960,C,Exon_yellow,CDS
1961,A,Exon_yellow,CDS
1962,G,Exon_yellow,CDS
1963,C,Exon_yellow,CDS
1964,A,Exon_yellow,CDS
1965,A,Exon_yellow,CDS
1966,C,Exon_yellow,CDS
1967,C,Exon_yellow,CDS
1968,T,Exon_yellow,CDS
1969,C,Exon_yellow,CDS
1970,A,Exon_yellow,CDS
1971,C,Exon_yellow,CDS
1972,A,Exon_yellow,CDS
1973,A,Exon_yellow,CDS
1974,C,Exon_yellow,CDS
1975,A,Exon_yellow,CDS
1976,A,Exon_yellow,CDS
1977,A,Exon_yellow,CDS
1978,C,Exon_yellow,CDS
1979,T,Exon_yellow,CDS
1980,C,Exon_yellow,CDS
1981,A,Exon_yellow,CDS
1982,C,Exon_yellow,CDS
1983,C,Exon_yellow,CDS
1984,A,Exon_yellow,CDS
1985,C,Exon_yellow,CDS
1986,A,Exon_yellow,CDS
1987,A,Exon_yellow,CDS
1988,T,Exon_yellow,CDS
1989,T,Exon_yellow,CDS
1990,T,Exon_yellow,CDS
1991,T,Exon_yellow,CDS
1992,T,Exon_yellow,CDS
1993,C,Exon_yellow,CDS
1994,A,Exon_yellow,CDS
1995,A,Exon_yellow,CDS
1996,T,Exon_yellow,CDS
1997,T,Exon_yellow,CDS
1998,T,Exon_yellow,CDS
1999,C,Exon_yellow,CDS
2000,A,Exon_yellow,CDS
2001,C,Exon_yellow,CDS
2002,T,Exon_yellow,CDS
2003,A,Exon_yellow,CDS
2004,A,Exon_yellow,CDS
2005,A,Exon_yellow,CDS
2006,A,Exon_yellow,CDS
2007,A,Exon_yellow,CDS
2008,T,Exon_yellow,CDS
2009,A,Exon_yellow,CDS
2010,T,Exon_yellow,CDS
2011,A,Exon_yellow,CDS
2012,A,Exon_yellow,CDS
2013,A,Exon_yellow,CDS
2014,A,Exon_yellow,CDS
2015,T,Exon_yellow,CDS
2016,C,Exon_yellow,CDS
2017,C,Exon_yellow,CDS
2018,A,Exon_yellow,CDS
2019,A,Exon_yellow,CDS
2020,A,Exon_yellow,CDS
2021,A,Exon_yellow,CDS
2022,T,Exon_yellow,CDS
2023,G,Exon_yellow,CDS
2024,C,Exon_yellow,CDS
2025,A,Exon_yellow,CDS
2026,T,Exon_yellow,CDS
2027,A,Exon_yellow,CDS
2028,T,Exon_yellow,CDS
2029,T,Exon_yellow,CDS
2030,T,Exon_yellow,CDS
2031,G,Exon_yellow,CDS
2032,A,Exon_yellow,CDS
2033,T,Exon_yellow,CDS
2034,C,Exon_yellow,CDS
2035,G,Exon_yellow,CDS
2036,A,Exon_yellow,CDS
2037,A,Exon_yellow,CDS
2038,T,Exon_yellow,CDS
2039,G,Exon_yellow,CDS
2040,C,Exon_yellow,CDS
2041,C,Exon_yellow,CDS
2042,T,Exon_yellow,CDS
2043,G,Exon_yellow,CDS
2044,C,Exon_yellow,CDS
2045,A,Exon_yellow,CDS
2046,C,Exon_yellow,CDS
2047,G,Exon_yellow,CDS
2048,T,Exon_yellow,CDS
2049,T,Exon_yellow,CDS
2050,T,Exon_yellow,CDS
2051,G,Exon_yellow,CDS
2052,A,Exon_yellow,CDS
2053,C,Exon_yellow,CDS
2054,G,Exon_yellow,CDS
2055,T,Exon_yellow,CDS
2056,A,Exon_yellow,CDS
2057,T,Exon_yellow,CDS
2058,A,Exon_yellow,CDS
2059,T,Exon_yellow,CDS
2060,A,Exon_yellow,CDS
2061,A,Exon_yellow,CDS
2062,A,Exon_yellow,CDS
2063,T,Exon_yellow,CDS
2064,T,Exon_yellow,CDS
2065,T,Exon_yellow,CDS
2066,T,Exon_yellow,CDS
2067,C,Exon_yellow,CDS
2068,A,Exon_yellow,CDS
2069,G,Exon_yellow,CDS
2070,A,Exon_yellow,CDS
2071,T,Exon_yellow,CDS
2072,A,Exon_yellow,CDS
2073,G,Exon_yellow,CDS
2074,C,Exon_yellow,CDS
2075,T,Exon_yellow,CDS
2076,A,Exon_yellow,CDS
2077,T,Exon_yellow,CDS
2078,T,Exon_yellow,CDS
2079,G,Exon_yellow,CDS
2080,C,Exon_yellow,CDS
2081,T,Exon_yellow,CDS
2082,A,Exon_yellow,CDS
2083,C,Exon_yellow,CDS
2084,T,Exon_yellow,CDS
2085,G,Exon_yellow,CDS
2086,A,Exon_yellow,CDS
2087,A,Exon_yellow,CDS
2088,T,Exon_yellow,CDS
2089,C,Exon_yellow,CDS
2090,A,Exon_yellow,CDS
2091,A,Exon_yellow,CDS
2092,G,Exon_yellow,CDS
2093,G,Exon_yellow,CDS
2094,C,Exon_yellow,CDS
2095,A,Exon_yellow,CDS
2096,A,Exon_yellow,CDS
2097,T,Exon_yellow,CDS
2098,C,Exon_yellow,CDS
2099,A,Exon_yellow,CDS
2100,G,Exon_yellow,CDS
2101,T,Exon_yellow,CDS
2102,G,Exon_yellow,CDS
2103,T,Exon_yellow,CDS
2104,C,Exon_yellow,CDS
2105,T,Exon_yellow,CDS
2106,T,Exon_yellow,CDS
2107,C,Exon_yellow,CDS
2108,A,Exon_yellow,CDS
2109,G,Exon_yellow,CDS
2110,T,Exon_yellow,CDS
2111,G,Exon_yellow,CDS
2112,T,Exon_yellow,CDS
2113,C,Exon_yellow,CDS
2114,A,Exon_yellow,CDS
2115,T,Exon_yellow,CDS
2116,T,Exon_yellow,CDS
2117,T,Exon_yellow,CDS
2118,G,Exon_yellow,CDS
2119,A,Exon_yellow,CDS
2120,C,Exon_yellow,CDS
2121,C,Exon_yellow,CDS
2122,T,Exon_yellow,CDS
2123,T,Exon_yellow,CDS
2124,C,Exon_yellow,CDS
2125,T,Exon_yellow,CDS
2126,C,Exon_yellow,CDS
2127,A,Exon_yellow,CDS
2128,A,Exon_yellow,CDS
2129,A,Exon_yellow,CDS
2130,T,Exon_yellow,CDS
2131,T,Exon_yellow,CDS
2132,A,Exon_yellow,CDS
2133,G,Exon_yellow,CDS
2134,G,Exon_yellow,CDS
2135,C,Exon_yellow,CDS
2136,C,Exon_yellow,CDS
2137,C,Exon_yellow,CDS
2138,A,Exon_yellow,CDS
2139,G,Exon_yellow,CDS
2140,G,Exon_yellow,CDS
2141,A,Exon_yellow,CDS
2142,G,Exon_yellow,CDS
2143,C,Exon_yellow,CDS
2144,T,Exon_yellow,CDS
2145,T,Exon_yellow,CDS
2146,C,Exon_yellow,CDS
2147,G,Exon_yellow,CDS
2148,C,Exon_yellow,CDS
2149,T,Exon_yellow,CDS
2150,T,Exon_yellow,CDS
2151,G,Exon_yellow,CDS
2152,T,Exon_yellow,CDS
2153,C,Exon_yellow,CDS
2154,A,Exon_yellow,CDS
2155,C,Exon_yellow,CDS
2156,A,Exon_yellow,CDS
2157,C,Exon_yellow,CDS
2158,T,Exon_yellow,CDS
2159,T,Exon_yellow,CDS
2160,G,Exon_yellow,CDS
2161,C,Exon_yellow,CDS
2162,C,Exon_yellow,CDS
2163,A,Exon_yellow,CDS
2164,A,Exon_yellow,CDS
2165,T,Exon_yellow,CDS
2166,T,Exon_yellow,CDS
2167,C,Exon_yellow,CDS
2168,T,Exon_yellow,CDS
2169,C,Exon_yellow,CDS
2170,G,Exon_yellow,CDS
2171,G,Exon_yellow,CDS
2172,C,Exon_yellow,CDS
2173,G,Exon_yellow,CDS
2174,G,Exon_yellow,CDS
2175,T,Exon_yellow,CDS
2176,T,Exon_yellow,CDS
2177,T,Exon_yellow,CDS
2178,G,Exon_yellow,CDS
2179,A,Exon_yellow,CDS
2180,G,Exon_yellow,CDS
2181,C,Exon_yellow,CDS
2182,C,Exon_yellow,CDS
2183,A,Exon_yellow,CDS
2184,G,Exon_yellow,CDS
2185,A,Exon_yellow,CDS
2186,G,Exon_yellow,CDS
2187,T,Exon_yellow,CDS
2188,G,Exon_yellow,CDS
2189,C,Exon_yellow,CDS
2190,C,Exon_yellow,CDS
2191,G,Exon_yellow,CDS
2192,T,Exon_yellow,CDS
2193,G,Exon_yellow,CDS
2194,T,Exon_yellow,CDS
2195,T,Exon_yellow,CDS
2196,G,Exon_yellow,CDS
2197,T,Exon_yellow,CDS
2198,G,Exon_yellow,CDS
2199,C,Exon_yellow,CDS
2200,T,Exon_yellow,CDS
2201,T,Exon_yellow,CDS
2202,C,Exon_yellow,CDS
2203,A,Exon_yellow,CDS
2204,A,Exon_yellow,CDS
2205,A,Exon_yellow,CDS
2206,T,Exon_yellow,CDS
2207,T,Exon_yellow,CDS
2208,G,Exon_yellow,CDS
2209,A,Exon_yellow,CDS
2210,A,Exon_yellow,CDS
2211,G,Exon_yellow,CDS
2212,T,Exon_yellow,CDS
2213,T,Exon_yellow,CDS
2214,A,Exon_yellow,CDS
2215,A,Exon_yellow,CDS
2216,A,Exon_yellow,CDS
2217,C,Exon_yellow,CDS
2218,C,Exon_yellow,CDS
2219,C,Exon_yellow,CDS
2220,G,Exon_yellow,CDS
2221,T,Exon_yellow,CDS
2222,T,Exon_yellow,CDS
2223,A,Exon_yellow,CDS
2224,G,Exon_yellow,CDS
2225,C,Exon_yellow,CDS
2226,C,Exon_yellow,CDS
2227,C,Exon_yellow,CDS
2228,C,Exon_yellow,CDS
2229,G,Exon_yellow,CDS
2230,G,Exon_yellow,CDS
2231,T,Exon_yellow,CDS
2232,G,Exon_yellow,CDS
2233,A,Exon_yellow,CDS
2234,A,Exon_yellow,CDS
2235,A,Exon_yellow,CDS
2236,C,Exon_yellow,CDS
2237,C,Exon_yellow,CDS
2238,T,Exon_yellow,CDS
2239,C,Exon_yellow,CDS
2240,G,Exon_yellow,CDS
2241,T,Exon_yellow,CDS
2242,C,Exon_yellow,CDS
2243,C,Exon_yellow,CDS
2244,G,Exon_yellow,CDS
2245,A,Exon_yellow,CDS
2246,A,Exon_yellow,CDS
2247,G,Exon_yellow,CDS
2248,G,Exon_yellow,CDS
2249,C,Exon_yellow,CDS
2250,A,Exon_yellow,CDS
2251,T,Exon_yellow,CDS
2252,A,Exon_yellow,CDS
2253,T,Exon_yellow,CDS
2254,C,Exon_yellow,CDS
2255,A,Exon_yellow,CDS
2256,G,Exon_yellow,CDS
2257,A,Exon_yellow,CDS
2258,T,Exon_yellow,CDS
2259,G,Exon_yellow,CDS
2260,A,Exon_yellow,CDS
2261,G,Exon_yellow,CDS
2262,C,Exon_yellow,CDS
2263,A,Exon_yellow,CDS
2264,T,Exon_yellow,CDS
2265,C,Exon_yellow,CDS
2266,A,Exon_yellow,CDS
2267,T,Exon_yellow,CDS
2268,T,Exon_yellow,CDS
2269,A,Exon_yellow,CDS
2270,T,Exon_yellow,CDS
2271,G,Exon_yellow,CDS
2272,A,Exon_yellow,CDS
2273,A,Exon_yellow,CDS
2274,G,Exon_yellow,CDS
2275,A,Exon_yellow,CDS
2276,A,Exon_yellow,CDS
2277,T,Exon_yellow,CDS
2278,A,Exon_yellow,CDS
2279,T,Exon_yellow,CDS
2280,G,Exon_yellow,CDS
2281,A,Exon_yellow,CDS
2282,T,Exon_yellow,CDS
2283,G,Exon_yellow,CDS
2284,A,Exon_yellow,CDS
2285,A,Exon_yellow,CDS
2286,G,Exon_yellow,CDS
2287,A,Exon_yellow,CDS
2288,T,Exon_yellow,CDS
2289,G,Exon_yellow,CDS
2290,A,Exon_yellow,CDS
2291,C,Exon_yellow,CDS
2292,A,Exon_yellow,CDS
2293,T,Exon_yellow,CDS
2294,T,Exon_yellow,CDS
2295,A,Exon_yellow,CDS
2296,T,Exon_yellow,CDS
2297,G,Exon_yellow,CDS
2298,G,Exon_yellow,CDS
2299,A,Exon_yellow,CDS
2300,A,Exon_yellow,CDS
2301,G,Exon_yellow,CDS
2302,A,Exon_yellow,CDS
2303,A,Exon_yellow,CDS
2304,G,Exon_yellow,CDS
2305,A,Exon_yellow,CDS
2306,A,Exon_yellow,CDS
2307,G,Exon_yellow,CDS
2308,A,Exon_yellow,CDS
2309,A,Exon_yellow,CDS
2310,G,Exon_yellow,CDS
2311,C,Exon_yellow,CDS
2312,T,Exon_yellow,CDS
2313,C,Exon_yellow,CDS
2314,C,Exon_yellow,CDS
2315,A,Exon_yellow,CDS
2316,A,Exon_yellow,CDS
2317,G,Exon_yellow,CDS
2318,T,Exon_yellow,CDS
2319,G,Exon_yellow,CDS
2320,C,Exon_yellow,CDS
2321,T,Exon_yellow,CDS
2322,C,Exon_yellow,CDS
2323,G,Exon_yellow,CDS
2324,A,Exon_yellow,CDS
2325,C,Exon_yellow,CDS
2326,A,Exon_yellow,CDS
2327,A,Exon_yellow,CDS
2328,G,Exon_yellow,CDS
2329,A,Exon_yellow,CDS
2330,T,Exon_yellow,CDS
2331,G,Exon_yellow,CDS
2332,A,Exon_yellow,CDS
2333,C,Exon_yellow,CDS
2334,A,Exon_yellow,CDS
2335,C,Exon_yellow,CDS
2336,G,Exon_yellow,CDS
2337,T,Exon_yellow,CDS
2338,A,Exon_yellow,CDS
2339,T,Exon_yellow,CDS
2340,G,Exon_yellow,CDS
2341,A,Exon_yellow,CDS
2342,T,Exon_yellow,CDS
2343,G,Exon_yellow,CDS
2344,A,Exon_yellow,CDS
2345,G,Exon_yellow,CDS
2346,G,Exon_yellow,CDS
2347,A,Exon_yellow,CDS
2348,T,Exon_yellow,CDS
2349,G,Exon_yellow,CDS
2350,A,Exon_yellow,CDS
2351,A,Exon_yellow,CDS
2352,G,Exon_yellow,CDS
2353,A,Exon_yellow,CDS
2354,G,Exon_yellow,CDS
2355,T,Exon_yellow,CDS
2356,G,Exon_yellow,CDS
2357,A,Exon_yellow,CDS
